{
  "nodes": [
    {"id": "G-1", "type": "ANF.guarantee"},
    {"id": "G-2", "type": "ANF.guarantee"},
    {"id": "C-5", "type": "ANF.constraint"},
    {"id": "O-1", "type": "Obligation"},
    {"id": "O-2", "type": "Obligation"},
    {"id": "O-3", "type": "Obligation"},
    {"id": "I-6", "type": "Invariant"},
    {"id": "P-1", "type": "Operator"},
    {"id": "P-2", "type": "Operator"}
  ],
  "edges": [
    {"from": "G-1", "to": "O-1", "rule_id": "Rule:G→O:minimality"},
    {"from": "G-1", "to": "I-6", "rule_id": "Rule:G→I:minimality"},
    {"from": "I-6", "to": "P-1", "rule_id": "Rule:I→P:lattice_required"},
    {"from": "G-2", "to": "O-2", "rule_id": "Rule:G→O:journal"},
    {"from": "G-2", "to": "P-2", "rule_id": "Rule:G→P:journal_required"},
    {"from": "C-5", "to": "O-3", "rule_id": "Rule:C→O:air_gapped_audit"}
  ],
  "provenance": {"compiled_by": "@gpt_5", "version": "0.1.0"}
}
